year,p25_age_all,p50_age_all,p75_age_all,p25_age_def,p50_age_def,p75_age_def
2009,37,46,55,39,47,51
2011,38,47,56,38,46,53.02350153028965
2013,39,48,57,39.855500400066376,47,55
