underwater,prop
FALSE,0.0967468686957865
TRUE,0.15886155291964393
